Unit,Block,SampleNo.,SampleName,AMFIsolate,ColonizationRegion,HarvestTime,Treatment,InoculationTreatment,InoculationTiming,ConcentrationPeruL,ConcentrationPerGSample,Presence
3,1,3-R,CC4-co-inoc-2mos-1-R,CC4,Roots,2,Co-inoculation,non-colonized roots + AMF,co-inoculation,29,101500,1
3,1,3-S,CC4-co-inoc-2mos-1-S,CC4,Soil,2,Co-inoculation,non-colonized roots + AMF,co-inoculation,9,31500,1
39,2,39-R,CC4-co-inoc-2mos-2-R,CC4,Roots,2,Co-inoculation,non-colonized roots + AMF,co-inoculation,13,45500,1
39,2,39-S,CC4-co-inoc-2mos-2-S,CC4,Soil,2,Co-inoculation,non-colonized roots + AMF,co-inoculation,7.6,26600,1
46,3,46-R,CC4-co-inoc-2mos-3-R,CC4,Roots,2,Co-inoculation,non-colonized roots + AMF,co-inoculation,2.8,9800,1
46,3,46-S,CC4-co-inoc-2mos-3-S,CC4,Soil,2,Co-inoculation,non-colonized roots + AMF,co-inoculation,8.7,30450,1
78,4,78-R,CC4-co-inoc-2mos-4-R,CC4,Roots,2,Co-inoculation,non-colonized roots + AMF,co-inoculation,95,332500,1
78,4,78-S,CC4-co-inoc-2mos-4-S,CC4,Soil,2,Co-inoculation,non-colonized roots + AMF,co-inoculation,35,122500,1
98,5,98-R,CC4-co-inoc-2mos-5-R,CC4,Roots,2,Co-inoculation,non-colonized roots + AMF,co-inoculation,11,38500,1
98,5,98-S,CC4-co-inoc-2mos-5-S,CC4,Soil,2,Co-inoculation,non-colonized roots + AMF,co-inoculation,29,101500,1
105,6,105-R,CC4-co-inoc-2mos-6-R,CC4,Roots,2,Co-inoculation,non-colonized roots + AMF,co-inoculation,38,133000,1
105,6,105-S,CC4-co-inoc-2mos-6-S,CC4,Soil,2,Co-inoculation,non-colonized roots + AMF,co-inoculation,8.8,30800,1
121,7,121-R,CC4-co-inoc-2mos-7-R,CC4,Roots,2,Co-inoculation,non-colonized roots + AMF,co-inoculation,340,1190000,1
121,7,121-S,CC4-co-inoc-2mos-7-S,CC4,Soil,2,Co-inoculation,non-colonized roots + AMF,co-inoculation,2.5,8750,1
13,1,13-R,CC4-co-inoc-4mos-1-R,CC4,Roots,4,Co-inoculation,non-colonized roots + AMF,co-inoculation,53,185500,1
13,1,13-S,CC4-co-inoc-4mos-1-S,CC4,Soil,4,Co-inoculation,non-colonized roots + AMF,co-inoculation,10,35000,1
29,2,29-R,CC4-co-inoc-4mos-2-R,CC4,Roots,4,Co-inoculation,non-colonized roots + AMF,co-inoculation,37,129500,1
29,2,29-S,CC4-co-inoc-4mos-2-S,CC4,Soil,4,Co-inoculation,non-colonized roots + AMF,co-inoculation,8.9,31150,1
42,3,42-R,CC4-co-inoc-4mos-3-R,CC4,Roots,4,Co-inoculation,non-colonized roots + AMF,co-inoculation,38,133000,1
42,3,42-S,CC4-co-inoc-4mos-3-S,CC4,Soil,4,Co-inoculation,non-colonized roots + AMF,co-inoculation,27,94500,1
79,4,79-R,CC4-co-inoc-4mos-4-R,CC4,Roots,4,Co-inoculation,non-colonized roots + AMF,co-inoculation,34,119000,1
79,4,79-S,CC4-co-inoc-4mos-4-S,CC4,Soil,4,Co-inoculation,non-colonized roots + AMF,co-inoculation,18,63000,1
97,5,97-R,CC4-co-inoc-4mos-5-R,CC4,Roots,4,Co-inoculation,non-colonized roots + AMF,co-inoculation,11,38500,1
97,5,97-S,CC4-co-inoc-4mos-5-S,CC4,Soil,4,Co-inoculation,non-colonized roots + AMF,co-inoculation,2.3,8050,1
112,6,112-R,CC4-co-inoc-4mos-6-R,CC4,Roots,4,Co-inoculation,non-colonized roots + AMF,co-inoculation,5.6,19600,1
112,6,112-S,CC4-co-inoc-4mos-6-S,CC4,Soil,4,Co-inoculation,non-colonized roots + AMF,co-inoculation,0.9,3150,1
140,7,140-R,CC4-co-inoc-4mos-7-R,CC4,Roots,4,Co-inoculation,non-colonized roots + AMF,co-inoculation,1.5,5250,1
140,7,140-S,CC4-co-inoc-4mos-7-S,CC4,Soil,4,Co-inoculation,non-colonized roots + AMF,co-inoculation,3.4,11900,1
6,1,6-R,CC4-pre-inoc-1-2mos-1-R,CC4,Roots,2,Pre-inoculation-1,pre-colonized roots,pre-inoculation,45,157500,1
6,1,6-S,CC4-pre-inoc-1-2mos-1-S,CC4,Soil,2,Pre-inoculation-1,pre-colonized roots,pre-inoculation,10,35000,1
40,2,40-R,CC4-pre-inoc-1-2mos-2-R,CC4,Roots,2,Pre-inoculation-1,pre-colonized roots,pre-inoculation,51,178500,1
40,2,40-S,CC4-pre-inoc-1-2mos-2-S,CC4,Soil,2,Pre-inoculation-1,pre-colonized roots,pre-inoculation,11,38500,1
59,3,59-R,CC4-pre-inoc-1-2mos-3-R,CC4,Roots,2,Pre-inoculation-1,pre-colonized roots,pre-inoculation,25,87500,1
59,3,59-S,CC4-pre-inoc-1-2mos-3-S,CC4,Soil,2,Pre-inoculation-1,pre-colonized roots,pre-inoculation,9.3,32550,1
76,4,76-R,CC4-pre-inoc-1-2mos-4-R,CC4,Roots,2,Pre-inoculation-1,pre-colonized roots,pre-inoculation,7.3,25550,1
76,4,76-S,CC4-pre-inoc-1-2mos-4-S,CC4,Soil,2,Pre-inoculation-1,pre-colonized roots,pre-inoculation,8.5,29750,1
91,5,91-R,CC4-pre-inoc-1-2mos-5-R,CC4,Roots,2,Pre-inoculation-1,pre-colonized roots,pre-inoculation,310,1085000,1
91,5,91-S,CC4-pre-inoc-1-2mos-5-S,CC4,Soil,2,Pre-inoculation-1,pre-colonized roots,pre-inoculation,3.6,12600,1
118,6,118-R,CC4-pre-inoc-1-2mos-6-R,CC4,Roots,2,Pre-inoculation-1,pre-colonized roots,pre-inoculation,24,84000,1
118,6,118-S,CC4-pre-inoc-1-2mos-6-S,CC4,Soil,2,Pre-inoculation-1,pre-colonized roots,pre-inoculation,1.3,4550,1
124,7,124-R,CC4-pre-inoc-1-2mos-7-R,CC4,Roots,2,Pre-inoculation-1,pre-colonized roots,pre-inoculation,65,227500,1
124,7,124-S,CC4-pre-inoc-1-2mos-7-S,CC4,Soil,2,Pre-inoculation-1,pre-colonized roots,pre-inoculation,0.7,2450,1
5,1,5-R,CC4-pre-inoc-1-4mos-1-R,CC4,Roots,4,Pre-inoculation-1,pre-colonized roots,pre-inoculation,186,651000,1
5,1,5-S,CC4-pre-inoc-1-4mos-1-S,CC4,Soil,4,Pre-inoculation-1,pre-colonized roots,pre-inoculation,10,35000,1
24,2,24-R,CC4-pre-inoc-1-4mos-2-R,CC4,Roots,4,Pre-inoculation-1,pre-colonized roots,pre-inoculation,11,38500,1
24,2,24-S,CC4-pre-inoc-1-4mos-2-S,CC4,Soil,4,Pre-inoculation-1,pre-colonized roots,pre-inoculation,8.1,28350,1
57,3,57-R,CC4-pre-inoc-1-4mos-3-R,CC4,Roots,4,Pre-inoculation-1,pre-colonized roots,pre-inoculation,62,217000,1
57,3,57-S,CC4-pre-inoc-1-4mos-3-S,CC4,Soil,4,Pre-inoculation-1,pre-colonized roots,pre-inoculation,0.7,2450,1
63,4,63-R,CC4-pre-inoc-1-4mos-4-R,CC4,Roots,4,Pre-inoculation-1,pre-colonized roots,pre-inoculation,23,80500,1
63,4,63-S,CC4-pre-inoc-1-4mos-4-S,CC4,Soil,4,Pre-inoculation-1,pre-colonized roots,pre-inoculation,10.4,36400,1
84,5,84-R,CC4-pre-inoc-1-4mos-5-R,CC4,Roots,4,Pre-inoculation-1,pre-colonized roots,pre-inoculation,71,248500,1
84,5,84-S,CC4-pre-inoc-1-4mos-5-S,CC4,Soil,4,Pre-inoculation-1,pre-colonized roots,pre-inoculation,1.6,5600,1
101,6,101-R,CC4-pre-inoc-1-4mos-6-R,CC4,Roots,4,Pre-inoculation-1,pre-colonized roots,pre-inoculation,2.1,7350,1
101,6,101-S,CC4-pre-inoc-1-4mos-6-S,CC4,Soil,4,Pre-inoculation-1,pre-colonized roots,pre-inoculation,4.3,15050,1
130,7,130-R,CC4-pre-inoc-1-4mos-7-R,CC4,Roots,4,Pre-inoculation-1,pre-colonized roots,pre-inoculation,573,2005500,1
130,7,130-S,CC4-pre-inoc-1-4mos-7-S,CC4,Soil,4,Pre-inoculation-1,pre-colonized roots,pre-inoculation,3.2,11200,1
7,1,7-R,CC4-pre-inoc-2-2mos-1-R,CC4,Roots,2,Pre-inoculation-2,pre-colonized roots + AMF,combination,11,38500,1
7,1,7-S,CC4-pre-inoc-2-2mos-1-S,CC4,Soil,2,Pre-inoculation-2,pre-colonized roots + AMF,combination,14,49000,1
28,2,28-R,CC4-pre-inoc-2-2mos-2-R,CC4,Roots,2,Pre-inoculation-2,pre-colonized roots + AMF,combination,31,108500,1
28,2,28-S,CC4-pre-inoc-2-2mos-2-S,CC4,Soil,2,Pre-inoculation-2,pre-colonized roots + AMF,combination,9.3,32550,1
44,3,44-R,CC4-pre-inoc-2-2mos-3-R,CC4,Roots,2,Pre-inoculation-2,pre-colonized roots + AMF,combination,59,206500,1
44,3,44-S,CC4-pre-inoc-2-2mos-3-S,CC4,Soil,2,Pre-inoculation-2,pre-colonized roots + AMF,combination,11,38500,1
70,4,70-R,CC4-pre-inoc-2-2mos-4-R,CC4,Roots,2,Pre-inoculation-2,pre-colonized roots + AMF,combination,80,280000,1
70,4,70-S,CC4-pre-inoc-2-2mos-4-S,CC4,Soil,2,Pre-inoculation-2,pre-colonized roots + AMF,combination,7.1,24850,1
85,5,85-R,CC4-pre-inoc-2-2mos-5-R,CC4,Roots,2,Pre-inoculation-2,pre-colonized roots + AMF,combination,82,287000,1
85,5,85-S,CC4-pre-inoc-2-2mos-5-S,CC4,Soil,2,Pre-inoculation-2,pre-colonized roots + AMF,combination,2.5,8750,1
111,6,111-R,CC4-pre-inoc-2-2mos-6-R,CC4,Roots,2,Pre-inoculation-2,pre-colonized roots + AMF,combination,8.8,30800,1
111,6,111-S,CC4-pre-inoc-2-2mos-6-S,CC4,Soil,2,Pre-inoculation-2,pre-colonized roots + AMF,combination,4.2,14700,1
133,7,133-R,CC4-pre-inoc-2-2mos-7-R,CC4,Roots,2,Pre-inoculation-2,pre-colonized roots + AMF,combination,8,28000,1
133,7,133-S,CC4-pre-inoc-2-2mos-7-S,CC4,Soil,2,Pre-inoculation-2,pre-colonized roots + AMF,combination,1.9,6650,1
16,1,16-R,CC4-pre-inoc-2-4mos-1-R,CC4,Roots,4,Pre-inoculation-2,pre-colonized roots + AMF,combination,10,35000,1
16,1,16-S,CC4-pre-inoc-2-4mos-1-S,CC4,Soil,4,Pre-inoculation-2,pre-colonized roots + AMF,combination,10,35000,1
31,2,31-R,CC4-pre-inoc-2-4mos-2-R,CC4,Roots,4,Pre-inoculation-2,pre-colonized roots + AMF,combination,3.7,12950,1
31,2,31-S,CC4-pre-inoc-2-4mos-2-S,CC4,Soil,4,Pre-inoculation-2,pre-colonized roots + AMF,combination,12,42000,1
58,3,58-R,CC4-pre-inoc-2-4mos-3-R,CC4,Roots,4,Pre-inoculation-2,pre-colonized roots + AMF,combination,206,721000,1
58,3,58-S,CC4-pre-inoc-2-4mos-3-S,CC4,Soil,4,Pre-inoculation-2,pre-colonized roots + AMF,combination,1.3,4550,1
65,4,65-R,CC4-pre-inoc-2-4mos-4-R,CC4,Roots,4,Pre-inoculation-2,pre-colonized roots + AMF,combination,98,343000,1
65,4,65-S,CC4-pre-inoc-2-4mos-4-S,CC4,Soil,4,Pre-inoculation-2,pre-colonized roots + AMF,combination,12,42000,1
82,5,82-R,CC4-pre-inoc-2-4mos-5-R,CC4,Roots,4,Pre-inoculation-2,pre-colonized roots + AMF,combination,17,59500,1
82,5,82-S,CC4-pre-inoc-2-4mos-5-S,CC4,Soil,4,Pre-inoculation-2,pre-colonized roots + AMF,combination,4.3,15050,1
110,6,110-R,CC4-pre-inoc-2-4mos-6-R,CC4,Roots,4,Pre-inoculation-2,pre-colonized roots + AMF,combination,10,35000,1
110,6,110-S,CC4-pre-inoc-2-4mos-6-S,CC4,Soil,4,Pre-inoculation-2,pre-colonized roots + AMF,combination,1.8,6300,1
125,7,125-R,CC4-pre-inoc-2-4mos-7-R,CC4,Roots,4,Pre-inoculation-2,pre-colonized roots + AMF,combination,16,56000,1
125,7,125-S,CC4-pre-inoc-2-4mos-7-S,CC4,Soil,4,Pre-inoculation-2,pre-colonized roots + AMF,combination,0.8,2800,1
15,1,15-R,Control-2mos-1-R,Control,Roots,2,Control,non-colonized roots,no inoculation,0,0,0
15,1,15-S,Control-2mos-1-S,Control,Soil,2,Control,non-colonized roots,no inoculation,0,0,0
27,2,27-R,Control-2mos-2-R,Control,Roots,2,Control,non-colonized roots,no inoculation,0,0,0
27,2,27-S,Control-2mos-2-S,Control,Soil,2,Control,non-colonized roots,no inoculation,0,0,0
53,3,53-R,Control-2mos-3-R,Control,Roots,2,Control,non-colonized roots,no inoculation,0,0,0
53,3,53-S,Control-2mos-3-S,Control,Soil,2,Control,non-colonized roots,no inoculation,0,0,0
77,4,77-R,Control-2mos-4-R,Control,Roots,2,Control,non-colonized roots,no inoculation,0,0,0
77,4,77-S,Control-2mos-4-S,Control,Soil,2,Control,non-colonized roots,no inoculation,0,0,0
92,5,92-R,Control-2mos-5-R,Control,Roots,2,Control,non-colonized roots,no inoculation,0,0,0
92,5,92-S,Control-2mos-5-S,Control,Soil,2,Control,non-colonized roots,no inoculation,0,0,0
106,6,106-R,Control-2mos-6-R,Control,Roots,2,Control,non-colonized roots,no inoculation,0,0,0
106,6,106-S,Control-2mos-6-S,Control,Soil,2,Control,non-colonized roots,no inoculation,0,0,0
126,7,126-R,Control-2mos-7-R,Control,Roots,2,Control,non-colonized roots,no inoculation,0,0,0
126,7,126-S,Control-2mos-7-S,Control,Soil,2,Control,non-colonized roots,no inoculation,0,0,0
8,1,8-R,Control-4mos-1-R,Control,Roots,4,Control,non-colonized roots,no inoculation,0,0,0
8,1,8-S,Control-4mos-1-S,Control,Soil,4,Control,non-colonized roots,no inoculation,0,0,0
35,2,35-R,Control-4mos-2-R,Control,Roots,4,Control,non-colonized roots,no inoculation,0,0,0
35,2,35-S,Control-4mos-2-S,Control,Soil,4,Control,non-colonized roots,no inoculation,0,0,0
60,3,60-R,Control-4mos-3-R,Control,Roots,4,Control,non-colonized roots,no inoculation,0,0,0
60,3,60-S,Control-4mos-3-S,Control,Soil,4,Control,non-colonized roots,no inoculation,0,0,0
80,4,80-R,Control-4mos-4-R,Control,Roots,4,Control,non-colonized roots,no inoculation,0,0,0
80,4,80-S,Control-4mos-4-S,Control,Soil,4,Control,non-colonized roots,no inoculation,0,0,0
87,5,87-R,Control-4mos-5-R,Control,Roots,4,Control,non-colonized roots,no inoculation,0,0,0
87,5,87-S,Control-4mos-5-S,Control,Soil,4,Control,non-colonized roots,no inoculation,0,0,0
115,6,115-R,Control-4mos-6-R,Control,Roots,4,Control,non-colonized roots,no inoculation,0,0,0
115,6,115-S,Control-4mos-6-S,Control,Soil,4,Control,non-colonized roots,no inoculation,0,0,0
139,7,139-R,Control-4mos-7-R,Control,Roots,4,Control,non-colonized roots,no inoculation,0,0,0
139,7,139-S,Control-4mos-7-S,Control,Soil,4,Control,non-colonized roots,no inoculation,0,0,0
14,1,14-R,Cuba8-co-inoc-2mos-1-R,Cuba8,Roots,2,Co-inoculation,non-colonized roots + AMF,co-inoculation,17,59500,1
14,1,14-S,Cuba8-co-inoc-2mos-1-S,Cuba8,Soil,2,Co-inoculation,non-colonized roots + AMF,co-inoculation,74,259000,1
26,2,26-R,Cuba8-co-inoc-2mos-2-R,Cuba8,Roots,2,Co-inoculation,non-colonized roots + AMF,co-inoculation,21,73500,1
26,2,26-S,Cuba8-co-inoc-2mos-2-S,Cuba8,Soil,2,Co-inoculation,non-colonized roots + AMF,co-inoculation,62,217000,1
49,3,49-R,Cuba8-co-inoc-2mos-3-R,Cuba8,Roots,2,Co-inoculation,non-colonized roots + AMF,co-inoculation,27,94500,1
49,3,49-S,Cuba8-co-inoc-2mos-3-S,Cuba8,Soil,2,Co-inoculation,non-colonized roots + AMF,co-inoculation,5.5,19250,1
75,4,75-R,Cuba8-co-inoc-2mos-4-R,Cuba8,Roots,2,Co-inoculation,non-colonized roots + AMF,co-inoculation,6.8,23800,1
75,4,75-S,Cuba8-co-inoc-2mos-4-S,Cuba8,Soil,2,Co-inoculation,non-colonized roots + AMF,co-inoculation,78,273000,1
90,5,90-R,Cuba8-co-inoc-2mos-5-R,Cuba8,Roots,2,Co-inoculation,non-colonized roots + AMF,co-inoculation,5.9,20650,1
90,5,90-S,Cuba8-co-inoc-2mos-5-S,Cuba8,Soil,2,Co-inoculation,non-colonized roots + AMF,co-inoculation,9,31500,1
104,6,104-R,Cuba8-co-inoc-2mos-6-R,Cuba8,Roots,2,Co-inoculation,non-colonized roots + AMF,co-inoculation,6.4,22400,1
104,6,104-S,Cuba8-co-inoc-2mos-6-S,Cuba8,Soil,2,Co-inoculation,non-colonized roots + AMF,co-inoculation,13,45500,1
134,7,134-R,Cuba8-co-inoc-2mos-7-R,Cuba8,Roots,2,Co-inoculation,non-colonized roots + AMF,co-inoculation,10,35000,1
134,7,134-S,Cuba8-co-inoc-2mos-7-S,Cuba8,Soil,2,Co-inoculation,non-colonized roots + AMF,co-inoculation,13,45500,1
20,1,20-R,Cuba8-co-inoc-4mos-1-R,Cuba8,Roots,4,Co-inoculation,non-colonized roots + AMF,co-inoculation,22,77000,1
20,1,20-S,Cuba8-co-inoc-4mos-1-S,Cuba8,Soil,4,Co-inoculation,non-colonized roots + AMF,co-inoculation,82,287000,1
22,2,22-R,Cuba8-co-inoc-4mos-2-R,Cuba8,Roots,4,Co-inoculation,non-colonized roots + AMF,co-inoculation,13,45500,1
22,2,22-S,Cuba8-co-inoc-4mos-2-S,Cuba8,Soil,4,Co-inoculation,non-colonized roots + AMF,co-inoculation,52,182000,1
56,3,56-R,Cuba8-co-inoc-4mos-3-R,Cuba8,Roots,4,Co-inoculation,non-colonized roots + AMF,co-inoculation,29,101500,1
56,3,56-S,Cuba8-co-inoc-4mos-3-S,Cuba8,Soil,4,Co-inoculation,non-colonized roots + AMF,co-inoculation,12,42000,1
69,4,69-R,Cuba8-co-inoc-4mos-4-R,Cuba8,Roots,4,Co-inoculation,non-colonized roots + AMF,co-inoculation,1.9,6650,1
69,4,69-S,Cuba8-co-inoc-4mos-4-S,Cuba8,Soil,4,Co-inoculation,non-colonized roots + AMF,co-inoculation,69,241500,1
88,5,88-R,Cuba8-co-inoc-4mos-5-R,Cuba8,Roots,4,Co-inoculation,non-colonized roots + AMF,co-inoculation,11,38500,1
88,5,88-S,Cuba8-co-inoc-4mos-5-S,Cuba8,Soil,4,Co-inoculation,non-colonized roots + AMF,co-inoculation,5.8,20300,1
107,6,107-R,Cuba8-co-inoc-4mos-6-R,Cuba8,Roots,4,Co-inoculation,non-colonized roots + AMF,co-inoculation,5.6,19600,1
107,6,107-S,Cuba8-co-inoc-4mos-6-S,Cuba8,Soil,4,Co-inoculation,non-colonized roots + AMF,co-inoculation,20,70000,1
129,7,129-R,Cuba8-co-inoc-4mos-7-R,Cuba8,Roots,4,Co-inoculation,non-colonized roots + AMF,co-inoculation,5.5,19250,1
129,7,129-S,Cuba8-co-inoc-4mos-7-S,Cuba8,Soil,4,Co-inoculation,non-colonized roots + AMF,co-inoculation,11,38500,1
17,1,17-R,Cuba8-pre-inoc-1-2mos-1-R,Cuba8,Roots,2,Pre-inoculation-1,pre-colonized roots,pre-inoculation,58,203000,1
17,1,17-S,Cuba8-pre-inoc-1-2mos-1-S,Cuba8,Soil,2,Pre-inoculation-1,pre-colonized roots,pre-inoculation,58,203000,1
25,2,25-R,Cuba8-pre-inoc-1-2mos-2-R,Cuba8,Roots,2,Pre-inoculation-1,pre-colonized roots,pre-inoculation,25,87500,1
25,2,25-S,Cuba8-pre-inoc-1-2mos-2-S,Cuba8,Soil,2,Pre-inoculation-1,pre-colonized roots,pre-inoculation,75,262500,1
47,3,47-R,Cuba8-pre-inoc-1-2mos-3-R,Cuba8,Roots,2,Pre-inoculation-1,pre-colonized roots,pre-inoculation,31,108500,1
47,3,47-S,Cuba8-pre-inoc-1-2mos-3-S,Cuba8,Soil,2,Pre-inoculation-1,pre-colonized roots,pre-inoculation,86,301000,1
62,4,62-R,Cuba8-pre-inoc-1-2mos-4-R,Cuba8,Roots,2,Pre-inoculation-1,pre-colonized roots,pre-inoculation,16,56000,1
62,4,62-S,Cuba8-pre-inoc-1-2mos-4-S,Cuba8,Soil,2,Pre-inoculation-1,pre-colonized roots,pre-inoculation,64,224000,1
89,5,89-R,Cuba8-pre-inoc-1-2mos-5-R,Cuba8,Roots,2,Pre-inoculation-1,pre-colonized roots,pre-inoculation,25,87500,1
89,5,89-S,Cuba8-pre-inoc-1-2mos-5-S,Cuba8,Soil,2,Pre-inoculation-1,pre-colonized roots,pre-inoculation,5.7,19950,1
117,6,117-R,Cuba8-pre-inoc-1-2mos-6-R,Cuba8,Roots,2,Pre-inoculation-1,pre-colonized roots,pre-inoculation,53,185500,1
117,6,117-S,Cuba8-pre-inoc-1-2mos-6-S,Cuba8,Soil,2,Pre-inoculation-1,pre-colonized roots,pre-inoculation,11,38500,1
132,7,132-R,Cuba8-pre-inoc-1-2mos-7-R,Cuba8,Roots,2,Pre-inoculation-1,pre-colonized roots,pre-inoculation,7.3,25550,1
132,7,132-S,Cuba8-pre-inoc-1-2mos-7-S,Cuba8,Soil,2,Pre-inoculation-1,pre-colonized roots,pre-inoculation,10,35000,1
1,1,1-R,Cuba8-pre-inoc-1-4mos-1-R,Cuba8,Roots,4,Pre-inoculation-1,pre-colonized roots,pre-inoculation,28,98000,1
1,1,1-S,Cuba8-pre-inoc-1-4mos-1-S,Cuba8,Soil,4,Pre-inoculation-1,pre-colonized roots,pre-inoculation,68,238000,1
33,2,33-R,Cuba8-pre-inoc-1-4mos-2-R,Cuba8,Roots,4,Pre-inoculation-1,pre-colonized roots,pre-inoculation,25,87500,1
33,2,33-S,Cuba8-pre-inoc-1-4mos-2-S,Cuba8,Soil,4,Pre-inoculation-1,pre-colonized roots,pre-inoculation,80,280000,1
48,3,48-R,Cuba8-pre-inoc-1-4mos-3-R,Cuba8,Roots,4,Pre-inoculation-1,pre-colonized roots,pre-inoculation,33,115500,1
48,3,48-S,Cuba8-pre-inoc-1-4mos-3-S,Cuba8,Soil,4,Pre-inoculation-1,pre-colonized roots,pre-inoculation,83,290500,1
68,4,68-R,Cuba8-pre-inoc-1-4mos-4-R,Cuba8,Roots,4,Pre-inoculation-1,pre-colonized roots,pre-inoculation,22,77000,1
68,4,68-S,Cuba8-pre-inoc-1-4mos-4-S,Cuba8,Soil,4,Pre-inoculation-1,pre-colonized roots,pre-inoculation,61,213500,1
95,5,95-R,Cuba8-pre-inoc-1-4mos-5-R,Cuba8,Roots,4,Pre-inoculation-1,pre-colonized roots,pre-inoculation,50,175000,1
95,5,95-S,Cuba8-pre-inoc-1-4mos-5-S,Cuba8,Soil,4,Pre-inoculation-1,pre-colonized roots,pre-inoculation,15,52500,1
103,6,103-R,Cuba8-pre-inoc-1-4mos-6-R,Cuba8,Roots,4,Pre-inoculation-1,pre-colonized roots,pre-inoculation,176,616000,1
103,6,103-S,Cuba8-pre-inoc-1-4mos-6-S,Cuba8,Soil,4,Pre-inoculation-1,pre-colonized roots,pre-inoculation,22,77000,1
123,7,123-R,Cuba8-pre-inoc-1-4mos-7-R,Cuba8,Roots,4,Pre-inoculation-1,pre-colonized roots,pre-inoculation,5.8,20300,1
123,7,123-S,Cuba8-pre-inoc-1-4mos-7-S,Cuba8,Soil,4,Pre-inoculation-1,pre-colonized roots,pre-inoculation,7.1,24850,1
9,1,9-R,Cuba8-pre-inoc-2-2mos-1-R,Cuba8,Roots,2,Pre-inoculation-2,pre-colonized roots + AMF,combination,16,56000,1
9,1,9-S,Cuba8-pre-inoc-2-2mos-1-S,Cuba8,Soil,2,Pre-inoculation-2,pre-colonized roots + AMF,combination,58,203000,1
23,2,23-R,Cuba8-pre-inoc-2-2mos-2-R,Cuba8,Roots,2,Pre-inoculation-2,pre-colonized roots + AMF,combination,17,59500,1
23,2,23-S,Cuba8-pre-inoc-2-2mos-2-S,Cuba8,Soil,2,Pre-inoculation-2,pre-colonized roots + AMF,combination,71,248500,1
52,3,52-R,Cuba8-pre-inoc-2-2mos-3-R,Cuba8,Roots,2,Pre-inoculation-2,pre-colonized roots + AMF,combination,27,94500,1
52,3,52-S,Cuba8-pre-inoc-2-2mos-3-S,Cuba8,Soil,2,Pre-inoculation-2,pre-colonized roots + AMF,combination,7.9,27650,1
71,4,71-R,Cuba8-pre-inoc-2-2mos-4-R,Cuba8,Roots,2,Pre-inoculation-2,pre-colonized roots + AMF,combination,9.3,32550,1
71,4,71-S,Cuba8-pre-inoc-2-2mos-4-S,Cuba8,Soil,2,Pre-inoculation-2,pre-colonized roots + AMF,combination,65,227500,1
96,5,96-R,Cuba8-pre-inoc-2-2mos-5-R,Cuba8,Roots,2,Pre-inoculation-2,pre-colonized roots + AMF,combination,8.1,28350,1
96,5,96-S,Cuba8-pre-inoc-2-2mos-5-S,Cuba8,Soil,2,Pre-inoculation-2,pre-colonized roots + AMF,combination,15,52500,1
116,6,116-R,Cuba8-pre-inoc-2-2mos-6-R,Cuba8,Roots,2,Pre-inoculation-2,pre-colonized roots + AMF,combination,9.5,33250,1
116,6,116-S,Cuba8-pre-inoc-2-2mos-6-S,Cuba8,Soil,2,Pre-inoculation-2,pre-colonized roots + AMF,combination,17,59500,1
127,7,127-R,Cuba8-pre-inoc-2-2mos-7-R,Cuba8,Roots,2,Pre-inoculation-2,pre-colonized roots + AMF,combination,17,59500,1
127,7,127-S,Cuba8-pre-inoc-2-2mos-7-S,Cuba8,Soil,2,Pre-inoculation-2,pre-colonized roots + AMF,combination,7.8,27300,1
19,1,19-R,Cuba8-pre-inoc-2-4mos-1-R,Cuba8,Roots,4,Pre-inoculation-2,pre-colonized roots + AMF,combination,14,49000,1
19,1,19-S,Cuba8-pre-inoc-2-4mos-1-S,Cuba8,Soil,4,Pre-inoculation-2,pre-colonized roots + AMF,combination,76,266000,1
32,2,32-R,Cuba8-pre-inoc-2-4mos-2-R,Cuba8,Roots,4,Pre-inoculation-2,pre-colonized roots + AMF,combination,5,17500,1
32,2,32-S,Cuba8-pre-inoc-2-4mos-2-S,Cuba8,Soil,4,Pre-inoculation-2,pre-colonized roots + AMF,combination,66,231000,1
50,3,50-R,Cuba8-pre-inoc-2-4mos-3-R,Cuba8,Roots,4,Pre-inoculation-2,pre-colonized roots + AMF,combination,27,94500,1
50,3,50-S,Cuba8-pre-inoc-2-4mos-3-S,Cuba8,Soil,4,Pre-inoculation-2,pre-colonized roots + AMF,combination,5.9,20650,1
74,4,74-R,Cuba8-pre-inoc-2-4mos-4-R,Cuba8,Roots,4,Pre-inoculation-2,pre-colonized roots + AMF,combination,7.8,27300,1
74,4,74-S,Cuba8-pre-inoc-2-4mos-4-S,Cuba8,Soil,4,Pre-inoculation-2,pre-colonized roots + AMF,combination,65,227500,1
83,5,83-R,Cuba8-pre-inoc-2-4mos-5-R,Cuba8,Roots,4,Pre-inoculation-2,pre-colonized roots + AMF,combination,8.3,29050,1
83,5,83-S,Cuba8-pre-inoc-2-4mos-5-S,Cuba8,Soil,4,Pre-inoculation-2,pre-colonized roots + AMF,combination,6.9,24150,1
109,6,109-R,Cuba8-pre-inoc-2-4mos-6-R,Cuba8,Roots,4,Pre-inoculation-2,pre-colonized roots + AMF,combination,7.7,26950,1
109,6,109-S,Cuba8-pre-inoc-2-4mos-6-S,Cuba8,Soil,4,Pre-inoculation-2,pre-colonized roots + AMF,combination,13,45500,1
138,7,138-R,Cuba8-pre-inoc-2-4mos-7-R,Cuba8,Roots,4,Pre-inoculation-2,pre-colonized roots + AMF,combination,40,140000,1
138,7,138-S,Cuba8-pre-inoc-2-4mos-7-S,Cuba8,Soil,4,Pre-inoculation-2,pre-colonized roots + AMF,combination,19,66500,1
11,1,11-R,DAOM197198-co-inoc-2mos-1-R,DAOM197198,Roots,2,Co-inoculation,non-colonized roots + AMF,co-inoculation,0.8,2800,1
11,1,11-S,DAOM197198-co-inoc-2mos-1-S,DAOM197198,Soil,2,Co-inoculation,non-colonized roots + AMF,co-inoculation,0,0,0
21,2,21-R,DAOM197198-co-inoc-2mos-2-R,DAOM197198,Roots,2,Co-inoculation,non-colonized roots + AMF,co-inoculation,18,63000,1
21,2,21-S,DAOM197198-co-inoc-2mos-2-S,DAOM197198,Soil,2,Co-inoculation,non-colonized roots + AMF,co-inoculation,0,0,0
51,3,51-R,DAOM197198-co-inoc-2mos-3-R,DAOM197198,Roots,2,Co-inoculation,non-colonized roots + AMF,co-inoculation,2,7000,1
51,3,51-S,DAOM197198-co-inoc-2mos-3-S,DAOM197198,Soil,2,Co-inoculation,non-colonized roots + AMF,co-inoculation,0.8,2800,1
67,4,67-R,DAOM197198-co-inoc-2mos-4-R,DAOM197198,Roots,2,Co-inoculation,non-colonized roots + AMF,co-inoculation,1.2,4200,1
67,4,67-S,DAOM197198-co-inoc-2mos-4-S,DAOM197198,Soil,2,Co-inoculation,non-colonized roots + AMF,co-inoculation,0.6,2100,1
100,5,100-R,DAOM197198-co-inoc-2mos-5-R,DAOM197198,Roots,2,Co-inoculation,non-colonized roots + AMF,co-inoculation,1.5,5250,1
100,5,100-S,DAOM197198-co-inoc-2mos-5-S,DAOM197198,Soil,2,Co-inoculation,non-colonized roots + AMF,co-inoculation,10,35000,1
113,6,113-R,DAOM197198-co-inoc-2mos-6-R,DAOM197198,Roots,2,Co-inoculation,non-colonized roots + AMF,co-inoculation,0.8,2800,1
113,6,113-S,DAOM197198-co-inoc-2mos-6-S,DAOM197198,Soil,2,Co-inoculation,non-colonized roots + AMF,co-inoculation,0,0,0
136,7,136-R,DAOM197198-co-inoc-2mos-7-R,DAOM197198,Roots,2,Co-inoculation,non-colonized roots + AMF,co-inoculation,1,3500,1
136,7,136-S,DAOM197198-co-inoc-2mos-7-S,DAOM197198,Soil,2,Co-inoculation,non-colonized roots + AMF,co-inoculation,1.3,4550,1
4,1,4-R,DAOM197198-co-inoc-4mos-1-R,DAOM197198,Roots,4,Co-inoculation,non-colonized roots + AMF,co-inoculation,1.2,4200,1
4,1,4-S,DAOM197198-co-inoc-4mos-1-S,DAOM197198,Soil,4,Co-inoculation,non-colonized roots + AMF,co-inoculation,1,3500,1
36,2,36-R,DAOM197198-co-inoc-4mos-2-R,DAOM197198,Roots,4,Co-inoculation,non-colonized roots + AMF,co-inoculation,0,0,0
36,2,36-S,DAOM197198-co-inoc-4mos-2-S,DAOM197198,Soil,4,Co-inoculation,non-colonized roots + AMF,co-inoculation,0.7,2450,1
54,3,54-R,DAOM197198-co-inoc-4mos-3-R,DAOM197198,Roots,4,Co-inoculation,non-colonized roots + AMF,co-inoculation,8,28000,1
54,3,54-S,DAOM197198-co-inoc-4mos-3-S,DAOM197198,Soil,4,Co-inoculation,non-colonized roots + AMF,co-inoculation,0,0,0
72,4,72-R,DAOM197198-co-inoc-4mos-4-R,DAOM197198,Roots,4,Co-inoculation,non-colonized roots + AMF,co-inoculation,7,24500,1
72,4,72-S,DAOM197198-co-inoc-4mos-4-S,DAOM197198,Soil,4,Co-inoculation,non-colonized roots + AMF,co-inoculation,0,0,0
99,5,99-R,DAOM197198-co-inoc-4mos-5-R,DAOM197198,Roots,4,Co-inoculation,non-colonized roots + AMF,co-inoculation,0,0,0
99,5,99-S,DAOM197198-co-inoc-4mos-5-S,DAOM197198,Soil,4,Co-inoculation,non-colonized roots + AMF,co-inoculation,0,0,0
114,6,114-R,DAOM197198-co-inoc-4mos-6-R,DAOM197198,Roots,4,Co-inoculation,non-colonized roots + AMF,co-inoculation,2.3,8050,1
114,6,114-S,DAOM197198-co-inoc-4mos-6-S,DAOM197198,Soil,4,Co-inoculation,non-colonized roots + AMF,co-inoculation,0,0,0
122,7,122-R,DAOM197198-co-inoc-4mos-7-R,DAOM197198,Roots,4,Co-inoculation,non-colonized roots + AMF,co-inoculation,2.5,8750,1
122,7,122-S,DAOM197198-co-inoc-4mos-7-S,DAOM197198,Soil,4,Co-inoculation,non-colonized roots + AMF,co-inoculation,1.5,5250,1
10,1,10-R,DAOM197198-pre-inoc-1-2mos-1-R,DAOM197198,Roots,2,Pre-inoculation-1,pre-colonized roots,pre-inoculation,226,791000,1
10,1,10-S,DAOM197198-pre-inoc-1-2mos-1-S,DAOM197198,Soil,2,Pre-inoculation-1,pre-colonized roots,pre-inoculation,81,283500,1
38,2,38-R,DAOM197198-pre-inoc-1-2mos-2-R,DAOM197198,Roots,2,Pre-inoculation-1,pre-colonized roots,pre-inoculation,450,1575000,1
38,2,38-S,DAOM197198-pre-inoc-1-2mos-2-S,DAOM197198,Soil,2,Pre-inoculation-1,pre-colonized roots,pre-inoculation,0.7,2450,1
41,3,41-R,DAOM197198-pre-inoc-1-2mos-3-R,DAOM197198,Roots,2,Pre-inoculation-1,pre-colonized roots,pre-inoculation,57,199500,1
41,3,41-S,DAOM197198-pre-inoc-1-2mos-3-S,DAOM197198,Soil,2,Pre-inoculation-1,pre-colonized roots,pre-inoculation,224,784000,1
61,4,61-R,DAOM197198-pre-inoc-1-2mos-4-R,DAOM197198,Roots,2,Pre-inoculation-1,pre-colonized roots,pre-inoculation,12,42000,1
61,4,61-S,DAOM197198-pre-inoc-1-2mos-4-S,DAOM197198,Soil,2,Pre-inoculation-1,pre-colonized roots,pre-inoculation,0,0,0
86,5,86-R,DAOM197198-pre-inoc-1-2mos-5-R,DAOM197198,Roots,2,Pre-inoculation-1,pre-colonized roots,pre-inoculation,25,87500,1
86,5,86-S,DAOM197198-pre-inoc-1-2mos-5-S,DAOM197198,Soil,2,Pre-inoculation-1,pre-colonized roots,pre-inoculation,0.6,2100,1
102,6,102-R,DAOM197198-pre-inoc-1-2mos-6-R,DAOM197198,Roots,2,Pre-inoculation-1,pre-colonized roots,pre-inoculation,177,619500,1
102,6,102-S,DAOM197198-pre-inoc-1-2mos-6-S,DAOM197198,Soil,2,Pre-inoculation-1,pre-colonized roots,pre-inoculation,0,0,0
135,7,135-R,DAOM197198-pre-inoc-1-2mos-7-R,DAOM197198,Roots,2,Pre-inoculation-1,pre-colonized roots,pre-inoculation,5.2,18200,1
135,7,135-S,DAOM197198-pre-inoc-1-2mos-7-S,DAOM197198,Soil,2,Pre-inoculation-1,pre-colonized roots,pre-inoculation,0,0,0
2,1,2-R,DAOM197198-pre-inoc-1-4mos-1-R,DAOM197198,Roots,4,Pre-inoculation-1,pre-colonized roots,pre-inoculation,0.6,2100,1
2,1,2-S,DAOM197198-pre-inoc-1-4mos-1-S,DAOM197198,Soil,4,Pre-inoculation-1,pre-colonized roots,pre-inoculation,3.2,11200,1
37,2,37-R,DAOM197198-pre-inoc-1-4mos-2-R,DAOM197198,Roots,4,Pre-inoculation-1,pre-colonized roots,pre-inoculation,0,0,0
37,2,37-S,DAOM197198-pre-inoc-1-4mos-2-S,DAOM197198,Soil,4,Pre-inoculation-1,pre-colonized roots,pre-inoculation,112,392000,1
45,3,45-R,DAOM197198-pre-inoc-1-4mos-3-R,DAOM197198,Roots,4,Pre-inoculation-1,pre-colonized roots,pre-inoculation,19,66500,1
45,3,45-S,DAOM197198-pre-inoc-1-4mos-3-S,DAOM197198,Soil,4,Pre-inoculation-1,pre-colonized roots,pre-inoculation,0.7,2450,1
64,4,64-R,DAOM197198-pre-inoc-1-4mos-4-R,DAOM197198,Roots,4,Pre-inoculation-1,pre-colonized roots,pre-inoculation,16,56000,1
64,4,64-S,DAOM197198-pre-inoc-1-4mos-4-S,DAOM197198,Soil,4,Pre-inoculation-1,pre-colonized roots,pre-inoculation,0.9,3150,1
93,5,93-R,DAOM197198-pre-inoc-1-4mos-5-R,DAOM197198,Roots,4,Pre-inoculation-1,pre-colonized roots,pre-inoculation,6.7,23450,1
93,5,93-S,DAOM197198-pre-inoc-1-4mos-5-S,DAOM197198,Soil,4,Pre-inoculation-1,pre-colonized roots,pre-inoculation,20,70000,1
108,6,108-R,DAOM197198-pre-inoc-1-4mos-6-R,DAOM197198,Roots,4,Pre-inoculation-1,pre-colonized roots,pre-inoculation,53,185500,1
108,6,108-S,DAOM197198-pre-inoc-1-4mos-6-S,DAOM197198,Soil,4,Pre-inoculation-1,pre-colonized roots,pre-inoculation,0,0,0
128,7,128-R,DAOM197198-pre-inoc-1-4mos-7-R,DAOM197198,Roots,4,Pre-inoculation-1,pre-colonized roots,pre-inoculation,6.7,23450,1
128,7,128-S,DAOM197198-pre-inoc-1-4mos-7-S,DAOM197198,Soil,4,Pre-inoculation-1,pre-colonized roots,pre-inoculation,0.6,2100,1
18,1,18-R,DAOM197198-pre-inoc-2-2mos-1-R,DAOM197198,Roots,2,Pre-inoculation-2,pre-colonized roots + AMF,combination,66,231000,1
18,1,18-S,DAOM197198-pre-inoc-2-2mos-1-S,DAOM197198,Soil,2,Pre-inoculation-2,pre-colonized roots + AMF,combination,3.8,13300,1
30,2,30-R,DAOM197198-pre-inoc-2-2mos-2-R,DAOM197198,Roots,2,Pre-inoculation-2,pre-colonized roots + AMF,combination,1260,4410000,1
30,2,30-S,DAOM197198-pre-inoc-2-2mos-2-S,DAOM197198,Soil,2,Pre-inoculation-2,pre-colonized roots + AMF,combination,23,80500,1
55,3,55-R,DAOM197198-pre-inoc-2-2mos-3-R,DAOM197198,Roots,2,Pre-inoculation-2,pre-colonized roots + AMF,combination,8,28000,1
55,3,55-S,DAOM197198-pre-inoc-2-2mos-3-S,DAOM197198,Soil,2,Pre-inoculation-2,pre-colonized roots + AMF,combination,4.3,15050,1
66,4,66-R,DAOM197198-pre-inoc-2-2mos-4-R,DAOM197198,Roots,2,Pre-inoculation-2,pre-colonized roots + AMF,combination,3.4,11900,1
66,4,66-S,DAOM197198-pre-inoc-2-2mos-4-S,DAOM197198,Soil,2,Pre-inoculation-2,pre-colonized roots + AMF,combination,0,0,0
94,5,94-R,DAOM197198-pre-inoc-2-2mos-5-R,DAOM197198,Roots,2,Pre-inoculation-2,pre-colonized roots + AMF,combination,6.6,23100,1
94,5,94-S,DAOM197198-pre-inoc-2-2mos-5-S,DAOM197198,Soil,2,Pre-inoculation-2,pre-colonized roots + AMF,combination,2.9,10150,1
119,6,119-R,DAOM197198-pre-inoc-2-2mos-6-R,DAOM197198,Roots,2,Pre-inoculation-2,pre-colonized roots + AMF,combination,350,1225000,1
119,6,119-S,DAOM197198-pre-inoc-2-2mos-6-S,DAOM197198,Soil,2,Pre-inoculation-2,pre-colonized roots + AMF,combination,0,0,0
131,7,131-R,DAOM197198-pre-inoc-2-2mos-7-R,DAOM197198,Roots,2,Pre-inoculation-2,pre-colonized roots + AMF,combination,6.7,23450,1
131,7,131-S,DAOM197198-pre-inoc-2-2mos-7-S,DAOM197198,Soil,2,Pre-inoculation-2,pre-colonized roots + AMF,combination,0,0,0
12,1,12-R,DAOM197198-pre-inoc-2-4mos-1-R,DAOM197198,Roots,4,Pre-inoculation-2,pre-colonized roots + AMF,combination,26,91000,1
12,1,12-S,DAOM197198-pre-inoc-2-4mos-1-S,DAOM197198,Soil,4,Pre-inoculation-2,pre-colonized roots + AMF,combination,1.4,4900,1
34,2,34-R,DAOM197198-pre-inoc-2-4mos-2-R,DAOM197198,Roots,4,Pre-inoculation-2,pre-colonized roots + AMF,combination,0.8,2800,1
34,2,34-S,DAOM197198-pre-inoc-2-4mos-2-S,DAOM197198,Soil,4,Pre-inoculation-2,pre-colonized roots + AMF,combination,2.7,9450,1
43,3,43-R,DAOM197198-pre-inoc-2-4mos-3-R,DAOM197198,Roots,4,Pre-inoculation-2,pre-colonized roots + AMF,combination,9,31500,1
43,3,43-S,DAOM197198-pre-inoc-2-4mos-3-S,DAOM197198,Soil,4,Pre-inoculation-2,pre-colonized roots + AMF,combination,115,402500,1
73,4,73-R,DAOM197198-pre-inoc-2-4mos-4-R,DAOM197198,Roots,4,Pre-inoculation-2,pre-colonized roots + AMF,combination,88,308000,1
73,4,73-S,DAOM197198-pre-inoc-2-4mos-4-S,DAOM197198,Soil,4,Pre-inoculation-2,pre-colonized roots + AMF,combination,0.7,2450,1
81,5,81-R,DAOM197198-pre-inoc-2-4mos-5-R,DAOM197198,Roots,4,Pre-inoculation-2,pre-colonized roots + AMF,combination,0.9,3150,1
81,5,81-S,DAOM197198-pre-inoc-2-4mos-5-S,DAOM197198,Soil,4,Pre-inoculation-2,pre-colonized roots + AMF,combination,0.7,2450,1
120,6,120-R,DAOM197198-pre-inoc-2-4mos-6-R,DAOM197198,Roots,4,Pre-inoculation-2,pre-colonized roots + AMF,combination,0.8,2800,1
120,6,120-S,DAOM197198-pre-inoc-2-4mos-6-S,DAOM197198,Soil,4,Pre-inoculation-2,pre-colonized roots + AMF,combination,1.2,4200,1
137,7,137-R,DAOM197198-pre-inoc-2-4mos-7-R,DAOM197198,Roots,4,Pre-inoculation-2,pre-colonized roots + AMF,combination,32,112000,1
137,7,137-S,DAOM197198-pre-inoc-2-4mos-7-S,DAOM197198,Soil,4,Pre-inoculation-2,pre-colonized roots + AMF,combination,0,0,0
